Edad,Sexo,Alcance,Impresiones,Frecuencia,Resultados,Costo por resultado,Importe gastado (USD),CPM (costo por mil impresiones),Clics en el enlace,CPC (costo por clic en el enlace),CTR (porcentaje de clics en el enlace),ROAS,Tasa de resultados,Clics (todos),CPC (todos),CTR (todos),Comentarios de la publicación,Reacciones a la publicación,Interacción con una publicación,Veces que se compartió la publicación,Compras,Valor de conversión de compras,Pagos iniciados,Costo por pago iniciado
35-44,female,52992,67453,1.272890248,52,16.21987665,843.4335857,12.50401888,856,0.98531961,1.26903177,2.01866517,0.077090715,1626,0.51871684,2.41056736,44,277,23012,128,52,1702.61,199,4.23835973
35-44,female,42048,53027,1.261106355,34,23.28933384,791.8373505,14.93272013,771,1.02702639,1.453976276,1.35923116,0.064118279,1363,0.58095183,2.57038867,43,226,19689,91,34,1076.29,144,5.49887049
35-44,female,37280,45775,1.227870172,42,17.92809524,752.98,16.44959039,746,1.00935657,1.629710541,1.8435151,0.09175314,1185,0.63542616,2.58874932,23,235,17377,111,42,1388.13,165,4.56351515
45-54,female,25440,30149,1.185102201,40,18.554,742.16,24.61640519,635,1.16875591,2.106205844,1.78101757,0.132674384,1079,0.68782206,3.57889151,12,239,13208,81,40,1321.8,156,4.7574359
45-54,female,23232,30606,1.317407025,36,19.76382618,711.4977426,23.24700198,663,1.07314893,2.166241913,1.98493954,0.117623995,1119,0.63583355,3.65614585,13,177,12484,50,36,1412.28,130,5.47305956
35-44,female,32416,43161,1.331472113,42,16.681372,700.6176242,16.23265504,700,1.00088232,1.621834527,1.94702496,0.097310072,1251,0.56004606,2.89844999,31,180,14781,57,42,1364.12,182,3.84954739
25-34,female,46208,59761,1.29330419,36,19.43437942,699.637659,11.70726158,800,0.87454707,1.338665685,1.60385878,0.060239956,1583,0.44196946,2.64888472,41,197,20065,88,36,1122.12,175,3.99792948
25-34,female,44288,52411,1.183413114,45,14.87377778,669.32,12.77060159,649,1.03130971,1.238289672,2.21034782,0.085859839,1118,0.59867621,2.13313999,33,222,18460,162,45,1479.43,137,4.88554745
45-54,female,24672,29519,1.196457523,33,19.47599544,642.7078495,21.77268368,630,1.02017119,2.134218639,1.63347935,0.111792405,1011,0.63571498,3.42491277,17,201,12625,61,33,1049.85,117,5.49322948
45-54,female,26176,34170,1.305394254,29,20.41432751,592.0154977,17.32559256,596,0.99331459,1.744220076,1.5573072,0.084869769,1062,0.55745339,3.10798946,24,214,13950,77,29,921.95,106,5.58505187
25-34,female,41440,55992,1.351158301,27,21.68057586,585.3755482,10.45462831,641,0.91322238,1.144806401,1.47742761,0.048221174,1399,0.41842427,2.49857122,51,185,17405,87,27,864.85,120,4.87812957
25-34,female,33792,42708,1.263849432,39,13.36142745,521.0956706,12.20135971,530,0.98319938,1.240985295,2.36785694,0.091317786,1049,0.49675469,2.45621429,21,121,12844,53,39,1233.88,124,4.20238444
25-34,female,31680,41024,1.294949495,19,26.31526316,499.99,12.18774376,468,1.0683547,1.140795632,1.22698454,0.046314353,1011,0.49454995,2.46441108,35,142,13860,99,19,613.48,80,6.249875
35-44,female,24848,32064,1.290405666,21,22.25285714,467.31,14.57428892,410,1.13978049,1.278692615,1.40874366,0.065494012,768,0.60847656,2.39520958,23,142,11413,61,21,658.32,81,5.76925926
55-64,female,10432,12104,1.160276074,27,15.96148148,430.96,35.60475876,393,1.09659033,3.246860542,2.06014479,0.223066755,615,0.70074797,5.08096497,9,95,6132,33,27,887.84,79,5.45518987
55-64,female,11552,12738,1.102666205,19,22.1981363,421.7645897,33.11073871,391,1.07868182,3.06955566,1.49488605,0.149159994,632,0.66734903,4.96153242,14,85,6062,27,19,630.49,81,5.20697024
35-44,female,19888,25171,1.26563757,18,23.25166667,418.53,16.62746812,390,1.07315385,1.54940209,1.43731632,0.071510866,640,0.65395313,2.54260856,15,140,8534,46,18,601.56,74,5.65581081
55-64,female,9920,11795,1.189012097,20,18.98243648,379.6487297,32.18725983,366,1.03729161,3.10300975,1.72759698,0.169563374,596,0.63699451,5.05298855,13,96,5669,30,20,655.88,68,5.58306955
25-34,female,26592,33454,1.258047533,17,21.90470588,372.38,11.1311054,356,1.04601124,1.064147785,1.37934368,0.050816046,855,0.43553216,2.55574819,23,128,11115,51,17,513.64,79,4.71367089
45-54,female,10992,13696,1.245997089,24,14.73958333,353.75,25.82870911,319,1.10893417,2.329147196,2.21365371,0.175233645,491,0.72046843,3.58498832,12,108,5623,33,24,783.08,67,5.27985075
25-34,female,20400,26637,1.305735294,10,34.023,340.23,12.77283478,337,1.00958457,1.265157488,1.01166858,0.037541765,613,0.55502447,2.30131021,13,90,7991,51,10,344.2,63,5.40047619
35-44,female,17712,23883,1.348407859,23,14.60565217,335.93,14.06565339,356,0.9436236,1.490600008,2.10805823,0.09630281,708,0.4744774,2.9644517,15,125,8330,47,23,708.16,82,4.09670732
35-44,female,15536,16651,1.071768795,11,25.02181818,275.24,16.52993814,205,1.34263415,1.231157288,1.39558204,0.066062098,306,0.89947712,1.83772746,6,43,5981,13,11,384.12,44,6.25545455
35-44,female,14552,15525,1.066863661,14,19.21357143,268.99,17.32624799,211,1.27483412,1.359098229,1.81746533,0.090177134,341,0.78882698,2.19645733,6,52,5565,21,14,488.88,32,8.4059375
35-44,female,14480,15073,1.040953039,13,20.4,265.2,17.59437405,205,1.29365854,1.360047768,1.84751131,0.086246932,334,0.79401198,2.2158827,6,47,5574,16,13,489.96,45,5.89333333
45-54,female,10544,12846,1.218323217,16,16.070625,257.13,20.0163475,214,1.20154206,1.665888214,2.04643566,0.12455239,364,0.7064011,2.83356687,5,70,5222,29,16,526.2,57,4.51105263
35-44,female,14104,15396,1.091605218,9,28.37888889,255.41,16.58937386,192,1.33026042,1.247077163,1.30096707,0.058456742,274,0.93215328,1.77968303,2,36,5498,16,9,332.28,30,8.51366667
35-44,female,13840,14878,1.075,9,28.35222222,255.17,17.15082672,172,1.48354651,1.156069364,1.3021907,0.060492002,254,1.0046063,1.70721871,2,58,5510,18,9,332.28,31,8.23129032
55-64,female,8448,10503,1.243252841,14,17.98272038,251.7580854,23.97011191,279,0.90235873,2.65638389,1.76312113,0.133295249,465,0.54141524,4.42730648,7,81,4971,22,14,443.88,46,5.47300186
35-44,female,14816,18312,1.235961123,15,15.82133333,237.32,12.95980778,239,0.99297071,1.30515509,2.1543907,0.081913499,424,0.55971698,2.31542158,8,128,7255,65,15,511.28,47,5.0493617
25-34,female,15440,16866,1.092357513,12,19.36083333,232.33,13.7750504,152,1.52848684,0.901221392,1.94568071,0.071149057,248,0.93681452,1.47041385,3,27,5529,22,12,452.04,33,7.04030303
45-54,female,8960,11024,1.230357143,14,16.00785714,224.11,20.32928157,214,1.04724299,1.941219158,2.00294498,0.126995646,411,0.54527981,3.72822932,7,83,4293,27,14,448.88,52,4.30980769
35-44,female,12104,12945,1.069481163,11,20.35727273,223.93,17.29857088,180,1.24405556,1.390498262,1.71535748,0.084974894,290,0.77217241,2.2402472,3,39,4582,15,11,384.12,29,7.72172414
25-34,female,14704,15403,1.047538085,2,109.035,218.07,14.15763163,167,1.30580838,1.084204376,0.32026414,0.012984484,252,0.86535714,1.63604493,4,39,5355,24,2,69.84,18,12.115
25-34,female,14368,15766,1.097299555,8,27.17875,217.43,13.79106939,114,1.9072807,0.723074971,1.2848273,0.050742103,199,1.09261307,1.26220982,2,38,5228,27,8,279.36,32,6.7946875
65+,female,4224,5095,1.206202652,19,11.23210526,213.41,41.8861629,220,0.97004545,4.317958783,3.02928635,0.372914622,337,0.63326409,6.61432777,1,40,2677,19,19,646.48,48,4.44604167
25-34,female,13776,14873,1.079631243,10,21.323,213.23,14.33671754,172,1.2397093,1.156458011,1.79243071,0.067235931,267,0.79861423,1.79519935,5,37,4984,19,10,382.2,35,6.09228571
45-54,female,9104,9608,1.055360281,10,20.878,208.78,21.72980849,159,1.31308176,1.654870941,1.64388351,0.104079933,258,0.80922481,2.68526228,3,35,4249,9,10,343.21,31,6.73483871
45-54,female,8000,8582,1.07275,12,17.04583333,204.55,23.83477045,171,1.19619883,1.992542531,2.04859448,0.139827546,262,0.78072519,3.05290142,2,45,4043,11,12,419.04,28,7.30535714
25-34,female,13880,14997,1.080475504,18,11.29166667,203.25,13.55271054,162,1.25462963,1.080216043,3.50558426,0.120024005,260,0.78173077,1.73368007,5,31,4968,31,18,712.51,40,5.08125
45-54,female,8096,8553,1.056447628,6,31.7,190.2,22.23781129,136,1.39852941,1.59008535,1.10157729,0.070150824,215,0.88465116,2.51373787,3,30,3750,6,6,209.52,18,10.56666667
25-34,female,14544,17440,1.199119912,10,18.969,189.69,10.87672018,180,1.05383333,1.032110092,1.70910433,0.05733945,318,0.59650943,1.8233945,13,89,6289,52,10,324.2,39,4.86384615
45-54,female,7392,8494,1.149080087,11,17.19454545,189.14,22.26748293,139,1.36071942,1.636449258,2.2212118,0.129503179,215,0.87972093,2.53119849,4,24,3851,10,11,420.12,25,7.5656
45-54,female,8064,8466,1.04985119,9,20.68777778,186.19,21.99267659,151,1.23304636,1.783605008,1.78462861,0.106307583,236,0.78894068,2.78762107,2,45,3797,16,9,332.28,26,7.16115385
18-24,female,18240,23459,1.286129386,12,15.4499483,185.3993797,7.90312373,260,0.71307454,1.108316638,1.99056761,0.051153076,586,0.31638119,2.49797519,7,45,6844,20,12,369.05,49,3.78366081
45-54,female,7472,7784,1.041755889,9,20.37555556,183.38,23.55858171,131,1.39984733,1.682939363,1.7138183,0.115621788,208,0.88163462,2.672148,1,27,3530,9,9,314.28,17,10.78705882
55-64,female,4032,4930,1.222718254,10,18.336,183.36,37.19269777,141,1.30042553,2.860040568,2.17686518,0.202839757,244,0.75147541,4.94929006,9,49,2201,16,10,399.15,33,5.55636364
35-44,female,10792,11430,1.059117865,7,25.41450109,177.9015076,15.56443636,170,1.04647946,1.487314086,1.34591327,0.061242345,229,0.77686248,2.00349956,,49,5412,41,7,239.44,29,6.13453475
25-34,female,11432,12422,1.08659902,8,22.02,176.16,14.18129126,108,1.63111111,0.869425213,1.56034287,0.064401868,175,1.00662857,1.40879085,4,19,3976,13,8,274.87,28,6.29142857
25-34,female,13656,15770,1.154803749,15,11.654,174.81,11.08497146,158,1.10639241,1.001902346,2.71037126,0.095117311,351,0.49803419,2.22574509,17,55,5378,32,15,473.8,32,5.4628125
35-44,female,10288,11976,1.16407465,6,28.09166667,168.55,14.0739813,171,0.98567251,1.427855711,1.15407891,0.0501002,297,0.56750842,2.47995992,9,68,4517,32,6,194.52,27,6.24259259
65+,female,3968,5029,1.267389113,13,12.7514958,165.7694453,32.96270538,166,0.99861112,3.300855041,2.40068367,0.258500696,275,0.60279798,5.46828395,5,32,2442,10,13,397.96,43,3.85510338
65+,female,3808,4642,1.219012605,10,15.73817126,157.3817126,33.90385882,144,1.09292856,3.102111159,2.09179322,0.215424386,255,0.61718319,5.49332184,3,33,2245,13,10,329.21,30,5.24605709
18-24,female,14688,18756,1.276960784,5,31.342,156.71,8.355193,188,0.83356383,1.002345916,0.92923234,0.026658136,459,0.34141612,2.44721689,11,59,5556,20,5,145.62,34,4.60911765
25-34,female,11128,12698,1.14108555,9,17.11140538,154.0026485,12.12810273,145,1.06208723,1.141912112,1.84594228,0.070877304,251,0.61355637,1.97668924,4,44,5127,20,9,284.28,32,4.81258276
18-24,female,11520,14931,1.29609375,5,30.462,152.31,10.20092425,153,0.9954902,1.024713683,1.11351848,0.033487375,306,0.4977451,2.04942737,6,72,4911,37,5,169.6,29,5.25206897
45-54,female,6912,8330,1.205150463,6,25.19833333,151.19,18.15006002,155,0.97541935,1.860744298,1.36913817,0.072028812,221,0.68411765,2.65306122,6,74,3783,22,6,207,28,5.39964286
18-24,female,12896,17133,1.328551489,4,35.1075,140.43,8.19646297,162,0.86685185,0.945543688,0.85223955,0.023346758,450,0.31206667,2.62651024,5,58,5496,21,4,119.68,25,5.6172
35-44,female,7867,7867,1,3,45.65,136.95,17.40816067,115,1.19086957,1.461802466,0.76495071,0.038133977,161,0.85062112,2.04652345,1,21,3342,8,3,104.76,12,11.4125
35-44,female,7912,8403,1.062057634,7,18.94714286,132.63,15.7836487,152,0.87256579,1.808877782,1.86172058,0.083303582,230,0.57665217,2.7371177,5,40,3144,18,7,246.92,20,6.6315
25-34,female,9944,10128,1.01850362,5,25.256,126.28,12.46840442,110,1.148,1.086097946,1.18466899,0.049368088,216,0.58462963,2.13270142,9,42,3528,17,5,149.6,25,5.0512
35-44,female,6824,8496,1.245017585,5,25.074,125.37,14.75635593,88,1.42465909,1.035781544,1.27303183,0.058851224,142,0.88288732,1.67137476,7,28,2984,18,5,159.6,12,10.4475
45-54,female,5624,5968,1.06116643,10,12.40440786,124.0440786,20.78486571,137,0.90543123,2.295576408,2.65389532,0.167560322,176,0.7047959,2.94906166,2,27,3551,7,10,329.2,38,3.26431786
25-34,female,7824,9993,1.277223926,10,12.28,122.8,12.28860202,135,0.90962963,1.350945662,2.68078176,0.100070049,217,0.56589862,2.17152006,8,31,3570,31,10,329.2,26,4.72307692
35-44,female,6232,6435,1.032573813,8,14.60875,116.87,18.16161616,79,1.47936709,1.227661228,2.39034825,0.124320124,116,1.0075,1.8026418,,23,2588,11,8,279.36,21,5.5652381
35-44,female,5048,6414,1.270602219,8,14.59729357,116.7783485,18.20678961,112,1.04266383,1.746180231,2.04969502,0.124727159,185,0.63123432,2.88431556,7,19,2387,11,8,239.36,23,5.0773195
55-64,female,3072,3699,1.204101563,7,16.57571429,116.03,31.36793728,100,1.1603,2.70343336,1.89123503,0.189240335,159,0.72974843,4.29845904,1,26,1757,10,7,219.44,15,7.73533333
25-34,female,8816,9108,1.033121597,7,16.564715,115.953005,12.73089646,127,0.91301579,1.394378568,1.89249084,0.076855512,216,0.53681947,2.3715415,5,27,3115,9,7,219.44,24,4.83137521
35-44,female,7416,7904,1.065803668,6,19.15833333,114.95,14.54326923,115,0.99956522,1.454959514,1.69221401,0.075910931,165,0.69666667,2.08755061,3,44,3173,19,6,194.52,17,6.76176471
25-34,female,7104,7729,1.087978604,4,28.4025,113.61,14.69918489,76,1.49486842,0.983309613,1.22946924,0.051753138,125,0.90888,1.61728555,2,19,2749,15,4,139.68,23,4.93956522
45-54,female,3576,4321,1.208333333,7,16.1940567,113.3583969,26.2342969,108,1.04961479,2.49942143,1.93580719,0.161999537,187,0.60619464,4.32770192,3,25,1890,14,7,219.44,16,7.08489981
55-64,female,3104,4027,1.297358247,3,37.68333333,113.05,28.0730072,92,1.22880435,2.284579091,0.92666962,0.074497144,139,0.81330935,3.45170102,3,9,2315,2,3,104.76,17,6.65
45-54,female,4624,4917,1.063365052,4,27.405,109.62,22.29408176,88,1.24568182,1.789709172,1.43842365,0.081350417,128,0.85640625,2.60321334,3,15,2648,7,4,157.68,14,7.83
35-44,female,7040,7245,1.029119318,3,36.47427858,109.4228357,15.10322094,99,1.10528117,1.366459627,0.82030409,0.041407867,168,0.6513264,2.31884058,1,26,2680,18,3,89.76,29,3.77320123
55-64,female,3520,3654,1.038068182,6,17.72166667,106.33,29.09961686,83,1.28108434,2.271483306,2.28082385,0.164203612,129,0.82426357,3.53037767,2,16,2127,3,6,242.52,13,8.17923077
18-24,female,8224,12754,1.550826848,4,26.22778541,104.9111416,8.22574421,127,0.82607198,0.995766034,1.18843431,0.03136271,306,0.34284687,2.39924729,6,23,3434,14,4,124.68,22,4.76868826
25-34,female,7936,8679,1.093623992,5,20.844,104.22,12.00829589,111,0.93891892,1.278949188,1.43542506,0.057610324,189,0.55142857,2.17767024,5,47,3090,26,5,149.6,24,4.3425
18-24,female,10528,14941,1.419167933,8,12.98865122,103.9092098,6.95463555,142,0.731755,0.950404926,2.30354942,0.053543939,379,0.27416678,2.53664413,7,41,4324,15,8,239.36,28,3.71104321
65+,female,3360,4245,1.263392857,5,19.9338484,99.66924201,23.47920895,109,0.91439672,2.567726737,1.50096456,0.11778563,204,0.48857472,4.80565371,9,27,2014,11,5,149.6,24,4.15288508
55-64,female,2056,2649,1.288424125,5,19.87571892,99.3785946,37.51551325,88,1.12930221,3.322008305,1.50535435,0.188750472,140,0.7098471,5.28501321,2,21,1348,5,5,149.6,22,4.51720885
55-64,female,2544,3319,1.304638365,3,32.58,97.74,29.44862911,71,1.37661972,2.139198554,1.0718232,0.090388671,115,0.84991304,3.46489907,3,16,1828,5,3,104.76,17,5.74941176
55-64,female,3056,3389,1.108965969,6,15.94833333,95.69,28.23546769,79,1.21126582,2.331071112,2.18957049,0.177043376,118,0.8109322,3.48185305,,11,1836,5,6,209.52,11,8.69909091
25-34,female,6836,7228,1.057343476,2,47.675,95.35,13.19175429,70,1.36214286,0.968456004,0.62758259,0.027670172,121,0.78801653,1.67404538,1,34,2556,11,2,59.84,11,8.66818182
55-64,female,2864,3239,1.130935754,1,93.41,93.41,28.83914789,68,1.37367647,2.099413399,0.37383578,0.030873726,105,0.88961905,3.24174128,2,11,1745,4,1,34.92,7,13.34428571
25-34,female,5264,6571,1.248290274,3,31.03289447,93.09868341,14.16811496,87,1.07009981,1.323999391,1.01784468,0.045655151,164,0.5676749,2.49581494,2,17,2128,11,3,94.76,12,7.75822362
25-34,female,6480,6571,1.01404321,6,15.5,93,14.15309694,66,1.40909091,1.004413331,2.25290323,0.091310303,116,0.80172414,1.76533252,,13,2362,5,6,209.52,17,5.47058824
35-44,female,5296,5565,1.050793051,5,18.56,92.8,16.67565139,95,0.97684211,1.707097934,1.66594828,0.08984726,147,0.63129252,2.64150943,9,23,2183,13,5,154.6,15,6.18666667
55-64,female,2808,3152,1.122507123,4,22.7075,90.83,28.81662437,63,1.44174603,1.998730964,1.5378179,0.126903553,101,0.89930693,3.20431472,1,12,1780,6,4,139.68,10,9.083
45-54,female,3664,3887,1.060862445,4,22.1875,88.75,22.83251865,82,1.08231707,2.10959609,1.4611831,0.102907126,126,0.70436508,3.24157448,1,24,1660,11,4,129.68,20,4.4375
18-24,female,8432,10474,1.242172676,2,43.27,86.54,8.26236395,94,0.9206383,0.897460378,0.69147215,0.019094902,231,0.37463203,2.20546114,2,36,2800,12,2,59.84,15,5.76933333
45-54,female,3440,3737,1.086337209,4,21.135,84.54,22.6224244,76,1.11236842,2.033716885,1.86515259,0.107037731,114,0.74157895,3.05057533,1,16,1895,4,4,157.68,9,9.39333333
65+,female,1312,1652,1.259146341,2,38.86445038,77.72890077,47.05139272,77,1.00946624,4.661016949,0.76985522,0.121065375,120,0.64774084,7.26392252,2,10,932,4,2,59.84,7,11.10412868
45-54,female,2880,3749,1.301736111,3,25.83,77.49,20.66951187,64,1.21078125,1.707121899,1.22286747,0.080021339,105,0.738,2.80074687,5,19,1551,13,3,94.76,12,6.4575
45-54,female,3840,3905,1.016927083,3,25.56,76.68,19.63636364,85,0.90211765,2.176696543,1.52895149,0.076824584,118,0.64983051,3.02176697,2,29,1897,12,3,117.24,10,7.668
45-54,female,3440,3814,1.10872093,3,23.84,71.52,18.75196644,73,0.97972603,1.914001049,1.32494407,0.078657577,120,0.596,3.14630309,2,43,1616,5,3,94.76,13,5.50153846
65+,female,1344,2090,1.555059524,4,17.29,69.16,33.09090909,67,1.03223881,3.205741627,1.69433198,0.19138756,105,0.65866667,5.02392344,2,15,952,5,4,117.18,16,4.3225
35-44,female,4564,4584,1.004382121,4,17.19574382,68.7829753,15.00501206,78,0.88183302,1.701570681,1.95804266,0.087260035,121,0.56845434,2.63961606,3,23,1795,11,4,134.68,13,5.2909981
25-34,female,5785,5801,1.002765774,4,16.54,66.16,11.40493018,86,0.76930233,1.482503017,1.88452237,0.068953629,131,0.50503817,2.25823134,4,30,2414,16,4,124.68,18,3.67555556
45-54,female,3102,3102,1,5,13.19634199,65.98170995,21.27069953,73,0.90385904,2.353320438,2.49463071,0.161186331,114,0.57878693,3.67504836,2,23,1339,7,5,164.6,24,2.74923791
65+,female,1248,1833,1.46875,2,32.975,65.95,35.97926896,33,1.99848485,1.800327332,0.90735406,0.109110747,59,1.11779661,3.21876705,1,9,881,6,2,59.84,15,4.39666667
55-64,female,2272,2337,1.028609155,4,16.1725,64.69,27.68078733,73,0.88616438,3.123662816,2.1592209,0.171159606,97,0.66690722,4.15062045,,9,1578,4,4,139.68,18,3.59388889
55-64,female,2016,2657,1.317956349,2,31.93,63.86,24.03462552,66,0.96757576,2.484004516,1.17193862,0.075272864,115,0.55530435,4.32818969,3,27,1366,6,2,74.84,6,10.64333333
35-44,female,4833,4862,1.006000414,2,31.68,63.36,13.03167421,52,1.21846154,1.069518717,0.94444444,0.041135335,86,0.73674419,1.76881942,1,22,2140,18,2,59.84,4,15.84
55-64,female,1960,2217,1.131122449,5,11.87743301,59.38716506,26.78717414,62,0.9578575,2.796571944,2.51906283,0.225529995,77,0.77126188,3.47316193,,9,1488,1,5,149.6,11,5.39883319
45-54,female,2404,2537,1.055324459,1,59.06,59.06,23.27946393,47,1.25659574,1.85258179,0.50660345,0.039416634,68,0.86852941,2.6803311,4,18,1186,1,1,29.92,9,6.56222222
18-24,female,4960,5684,1.145967742,1,58.91,58.91,10.36418015,46,1.28065217,0.809289233,0.59276863,0.017593244,66,0.89257576,1.16115412,,10,1842,6,1,34.92,5,11.782
25-34,female,4500,4691,1.042444444,2,28.85,57.7,12.30014922,69,0.83623188,1.470901727,1.29705373,0.042634833,116,0.49741379,2.47282029,3,16,1699,10,2,74.84,19,3.03684211
35-44,female,3756,3903,1.03913738,2,28.75,57.5,14.73225724,58,0.99137931,1.486036382,1.12765217,0.051242634,108,0.53240741,2.76710223,3,16,1544,6,2,64.84,10,5.75
18-24,female,4776,5039,1.055067002,2,26.505,53.01,10.51994443,34,1.55911765,0.674737051,1.31748727,0.039690415,43,1.2327907,0.85334392,,20,1665,8,2,69.84,4,13.2525
18-24,female,4871,4871,1,2,26.075,52.15,10.70622049,47,1.10957447,0.964894272,1.684372,0.041059331,58,0.89913793,1.19072059,2,19,1614,8,2,87.84,10,5.215
18-24,female,4392,4762,1.08424408,2,24.845,49.69,10.43469131,42,1.18309524,0.88198236,1.40551419,0.04199916,60,0.82816667,1.2599748,,12,1538,1,2,69.84,6,8.28166667
65+,female,1344,1541,1.146577381,1,45.72,45.72,29.66904607,30,1.524,1.9467878,2.20625547,0.064892927,51,0.89647059,3.30953926,1,4,946,4,1,100.87,3,15.24
55-64,male,1184,1399,1.181587838,3,14.84333333,44.53,31.82987848,37,1.20351351,2.644746247,2.01571974,0.214438885,66,0.67469697,4.71765547,,10,768,,3,89.76,7,6.36142857
65+,female,1296,1658,1.279320988,2,21.935,43.87,26.45958987,34,1.29029412,2.05066345,1.59197629,0.120627262,51,0.86019608,3.07599517,1,7,971,1,2,69.84,3,14.62333333
65+,female,1264,1626,1.286392405,1,42.74,42.74,26.28536285,41,1.04243902,2.521525215,0.81703322,0.061500615,74,0.57756757,4.55104551,2,15,669,3,1,34.92,5,8.548
18-24,female,4144,4855,1.171573359,8,5.34125,42.73,8.80123584,48,0.89020833,0.988671473,6.53779546,0.164778579,103,0.41485437,2.1215242,4,24,1527,5,8,279.36,16,2.670625
18-24,female,4976,5045,1.013866559,1,42.62796509,42.62796509,8.44954709,53,0.80430123,1.050545094,0.70188666,0.019821606,76,0.56089428,1.50644202,,28,1969,20,1,29.92,3,14.2093217
18-24,female,3912,3932,1.005112474,1,42.45,42.45,10.79603255,45,0.94333333,1.144455748,0.82261484,0.02543235,70,0.60642857,1.7802645,,12,1350,5,1,34.92,8,5.30625
55-64,female,1609,1609,1,2,21.055,42.11,26.17153511,33,1.27606061,2.050963331,1.65851342,0.124300808,47,0.89595745,2.92106899,,5,1059,4,2,69.84,4,10.5275
45-54,male,1792,2389,1.333147321,2,20.915,41.83,17.50941817,48,0.87145833,2.009208874,1.43055224,0.083717036,74,0.56527027,3.09753035,1,14,1223,11,2,59.84,3,13.94333333
35-44,male,3456,4584,1.326388889,2,20.8148417,41.62968341,9.08151907,73,0.57026964,1.592495637,1.55754247,0.043630017,174,0.23925105,3.79581152,13,23,2224,13,2,64.84,9,4.62552038
65+,female,1232,1273,1.033279221,4,10.27,41.08,32.27022781,30,1.36933333,2.356637863,3.40019474,0.314218382,48,0.85583333,3.77062058,2,9,695,,4,139.68,8,5.135
35-44,male,2592,3514,1.355709877,4,10.22,40.88,11.63346614,51,0.80156863,1.451337507,3.78375734,0.113830393,106,0.38566038,3.01650541,4,33,1710,28,4,154.68,11,3.71636364
25-34,male,3360,3859,1.148511905,3,13.49666667,40.49,10.49235553,78,0.51910256,2.021249028,2.78488516,0.077740347,133,0.30443609,3.44648873,8,25,1703,27,3,112.76,10,4.049
45-54,female,1940,1976,1.018556701,2,19.88586019,39.77172038,20.12738886,36,1.10477001,1.821862348,1.50458666,0.101214575,63,0.63129715,3.18825911,2,19,874,6,2,59.84,5,7.95434408
25-34,male,2288,2937,1.283653846,5,7.937887743,39.68943872,13.51359847,57,0.69630594,1.940755873,3.89524279,0.170241743,133,0.29841683,4.52843037,6,16,1280,11,5,154.6,5,7.93788774
35-44,female,2715,2731,1.005893186,2,19.79149077,39.58298154,14.4939515,45,0.87962181,1.647748078,1.5117608,0.073233248,75,0.52777309,2.7462468,,8,1021,5,2,59.84,10,3.95829815
65+,female,1200,1318,1.098333333,2,19.34,38.68,29.34749621,19,2.03578947,1.441578149,1.80558428,0.151745068,33,1.17212121,2.50379363,,3,787,1,2,69.84,3,12.89333333
65+,female,1136,1284,1.13028169,2,19.2,38.4,29.90654206,24,1.6,1.869158879,2.678125,0.15576324,38,1.01052632,2.95950156,1,4,741,1,2,102.84,7,5.48571429
65+,female,1128,1212,1.074468085,2,19.095,38.19,31.50990099,34,1.12323529,2.805280528,1.82875098,0.165016502,49,0.77938776,4.04290429,,5,695,2,2,69.84,6,6.365
55-64,female,1104,1315,1.191123188,3,12.5,37.5,28.51711027,42,0.89285714,3.19391635,3.00693333,0.228136882,66,0.56818182,5.01901141,,6,672,2,3,112.76,9,4.16666667
18-24,female,3945,3945,1,3,12.32,36.96,9.36882129,29,1.27448276,0.735107731,2.56385281,0.076045627,64,0.5775,1.62230672,2,12,1234,4,3,94.76,12,3.08
45-54,female,2000,2087,1.0435,2,18.06,36.12,17.30713943,36,1.00333333,1.724964063,1.65669989,0.095831337,48,0.7525,2.29995208,,12,1037,6,2,59.84,8,4.515
45-54,female,1588,1603,1.009445844,1,35.48,35.48,22.13349969,32,1.10875,1.996257018,0.843292,0.062383032,56,0.63357143,3.49344978,1,15,730,6,1,29.92,2,17.74
18-24,female,3248,4614,1.420566502,1,35.13,35.13,7.61378414,41,0.85682927,0.888599913,0.9940222,0.021673169,93,0.37774194,2.01560468,3,31,1510,13,1,34.92,8,4.39125
18-24,female,3688,4774,1.294468547,3,11.60666667,34.82,7.29367407,50,0.6964,1.047339757,2.57782883,0.062840385,101,0.34475248,2.11562631,1,13,1437,8,3,89.76,12,2.90166667
35-44,male,1752,2260,1.289954338,1,33.1495312,33.1495312,14.66793416,44,0.75339844,1.946902655,0.90257687,0.044247788,94,0.35265459,4.15929204,5,16,1085,5,1,29.92,3,11.04984373
45-54,male,2240,2904,1.296428571,2,16.44487494,32.88974987,11.32567144,40,0.82224375,1.377410468,1.81941183,0.068870523,100,0.3288975,3.44352617,3,17,1544,8,2,59.84,4,8.22243747
55-64,female,1072,1170,1.09141791,2,16.285,32.57,27.83760684,33,0.9869697,2.820512821,1.83727356,0.170940171,51,0.63862745,4.35897436,2,9,621,5,2,59.84,12,2.71416667
45-54,male,1176,1523,1.295068027,1,31.63955256,31.63955256,20.77449282,38,0.8326198,2.495075509,0.94565181,0.065659882,71,0.4456275,4.66185161,3,7,785,4,1,29.92,2,15.81977628
55-64,female,1003,1003,1,1,31.41081403,31.41081403,31.31686344,23,1.36568757,2.293120638,1.43008073,0.099700897,37,0.84894092,3.6889332,,5,457,1,1,44.92,4,7.85270351
18-24,female,1856,2592,1.396551724,1,28.5395964,28.5395964,11.01064676,26,1.09767678,1.00308642,1.04836801,0.038580247,68,0.41969995,2.62345679,1,5,745,3,1,29.92,2,14.2697982
18-24,female,3232,3463,1.071472772,1,28.41073628,28.41073628,8.20408209,37,0.76785774,1.068437771,1.05312301,0.028876697,75,0.37880982,2.16575224,1,14,1114,6,1,29.92,3,9.47024543
35-44,male,2336,2735,1.170804795,7,3.871428571,27.1,9.90859232,39,0.69487179,1.425959781,7.91291513,0.255941499,71,0.38169014,2.59597806,1,28,1296,22,7,214.44,9,3.01111111
55-64,male,672,906,1.348214286,4,6.742573373,26.97029349,29.76853586,33,0.81728162,3.642384106,4.99364236,0.441501104,54,0.49944988,5.9602649,,5,464,2,4,134.68,7,3.85289907
18-24,female,2897,2897,1,1,26.69,26.69,9.21297894,28,0.95321429,0.966517087,1.12101911,0.034518467,58,0.46017241,2.00207111,,16,975,2,1,29.92,2,13.345
18-24,female,2747,2747,1,1,26.39,26.39,9.60684383,27,0.97740741,0.982890426,1.13376279,0.036403349,40,0.65975,1.45613396,1,7,944,6,1,29.92,4,6.5975
35-44,male,1792,2479,1.383370536,1,26.2099123,26.2099123,10.57277624,44,0.59567983,1.774909238,1.33232037,0.040338846,92,0.28489035,3.71117386,3,14,1052,9,1,34.92,3,8.73663743
55-64,female,820,895,1.091463415,3,8.573333333,25.72,28.73743017,22,1.16909091,2.458100559,3.48989114,0.335195531,37,0.69513514,4.13407821,1,6,458,2,3,89.76,7,3.67428571
18-24,female,2108,2205,1.04601518,1,24.81,24.81,11.25170068,15,1.654,0.680272109,1.40749698,0.045351474,28,0.88607143,1.26984127,3,2,767,2,1,34.92,4,6.2025
35-44,male,1600,1952,1.22,1,24.58026748,24.58026748,12.59235015,37,0.66433155,1.895491803,1.21723655,0.051229508,81,0.30346009,4.14959016,2,9,839,2,1,29.92,3,8.19342249
45-54,male,1440,1541,1.070138889,1,23.55992117,23.55992117,15.28872237,22,1.07090551,1.427644387,1.26995332,0.064892927,50,0.47119842,3.24464633,1,9,689,1,1,29.92,4,5.88998029
35-44,male,1232,1696,1.376623377,2,11.71,23.42,13.80896226,31,0.75548387,1.827830189,2.55508113,0.117924528,64,0.3659375,3.77358491,3,13,828,4,2,59.84,6,3.90333333
35-44,female,1664,1676,1.007211538,1,23.18,23.18,13.83054893,22,1.05363636,1.312649165,1.2907679,0.059665871,42,0.55190476,2.50596659,1,7,622,,1,29.92,5,4.636
45-54,male,1712,1998,1.167056075,1,22.14,22.14,11.08108108,24,0.9225,1.201201201,1.57723577,0.05005005,42,0.52714286,2.1021021,1,12,968,5,1,34.92,2,11.07
45-54,male,1008,1320,1.30952381,2,10.56,21.12,16,28,0.75428571,2.121212121,3.07007576,0.151515152,62,0.34064516,4.6969697,3,10,647,8,2,64.84,3,7.04
65+,male,646,646,1,1,20.77,20.77,32.15170279,20,1.0385,3.095975232,1.44053924,0.154798762,35,0.59342857,5.41795666,,5,361,3,1,29.92,2,10.385
25-34,male,1632,2131,1.305759804,3,6.63,19.89,9.33364618,48,0.414375,2.252463632,4.76420312,0.140778977,74,0.26878378,3.4725481,2,18,943,19,3,94.76,7,2.84142857
25-34,male,1440,2069,1.436805556,2,9.699967544,19.39993509,9.37647902,29,0.66896328,1.401643306,3.0845464,0.096665056,74,0.26216128,3.57660706,1,11,873,7,2,59.84,8,2.42499189
55-64,male,896,1217,1.358258929,2,9.379928665,18.75985733,15.41483758,27,0.69480953,2.218570255,3.18978972,0.164338537,49,0.38285423,4.02629417,1,12,681,4,2,59.84,3,6.25328578
55-64,male,576,649,1.126736111,1,18.6,18.6,28.65947612,9,2.06666667,1.386748844,1.60860215,0.154083205,21,0.88571429,3.2357473,1,7,297,2,1,29.92,2,9.3
65+,female,552,632,1.144927536,1,16.66,16.66,26.36075949,15,1.11066667,2.373417722,2.09603842,0.158227848,22,0.75727273,3.48101266,,,441,1,1,34.92,3,5.55333333
25-34,male,880,1472,1.672727273,1,16.46,16.46,11.18206522,21,0.78380952,1.426630435,1.81773998,0.067934783,50,0.3292,3.39673913,2,11,636,5,1,29.92,8,2.0575
65+,male,368,464,1.260869565,2,8.129885028,16.25977006,35.04260788,17,0.95645706,3.663793103,4.60277112,0.431034483,31,0.52450871,6.68103448,,1,270,2,2,74.84,2,8.12988503
18-24,female,2212,2328,1.05244123,1,16.16,16.16,6.94158076,24,0.67333333,1.030927835,1.85148515,0.042955326,28,0.57714286,1.20274914,,19,945,9,1,29.92,7,2.30857143
55-64,female,619,619,1,1,15.56,15.56,25.13731826,19,0.81894737,3.069466882,1.92287918,0.161550889,28,0.55571429,4.52342488,,3,364,2,1,29.92,4,3.89
55-64,male,720,1002,1.391666667,1,15.55,15.55,15.51896208,21,0.74047619,2.095808383,2.88874598,0.099800399,36,0.43194444,3.59281437,,3,516,5,1,44.92,2,7.775
55-64,female,552,590,1.06884058,3,4.953547606,14.86064282,25.1875302,21,0.70764966,3.559322034,7.04949317,0.508474576,30,0.49535476,5.08474576,,4,305,2,3,104.76,5,2.97212856
55-64,female,468,515,1.10042735,2,6.31,12.62,24.50485437,16,0.78875,3.106796117,4.74167987,0.388349515,23,0.54869565,4.46601942,,3,248,,2,59.84,2,6.31
25-34,male,1168,1316,1.126712329,1,12.55,12.55,9.53647416,17,0.73823529,1.291793313,2.78247012,0.075987842,34,0.36911765,2.58358663,2,14,589,10,1,34.92,1,12.55
35-44,unknown,960,982,1.022916667,1,12.38,12.38,12.60692464,19,0.65157895,1.934826884,2.82067851,0.101832994,36,0.34388889,3.66598778,1,5,440,7,1,34.92,2,6.19
35-44,male,1040,1196,1.15,2,5.965,11.93,9.97491639,22,0.54227273,1.839464883,5.01592624,0.16722408,38,0.31394737,3.17725753,,4,509,3,2,59.84,6,1.98833333
65+,male,192,340,1.770833333,2,5.039983136,10.07996627,29.64695963,4,2.51999157,1.176470588,5.9365278,0.588235294,8,1.25999578,2.35294118,,3,160,1,2,59.84,4,2.51999157
35-44,unknown,352,647,1.838068182,1,9.850107189,9.850107189,15.22427695,12,0.82084227,1.854714065,3.0375304,0.154559505,33,0.2984881,5.10046368,1,1,238,,1,29.92,2,4.92505359
18-24,male,864,948,1.097222222,1,9.64,9.64,10.16877637,11,0.87636364,1.160337553,3.62240664,0.105485232,21,0.45904762,2.21518987,,5,377,3,1,34.92,2,4.82
65+,female,398,398,1,1,9.45,9.45,23.74371859,12,0.7875,3.015075377,3.16613757,0.251256281,22,0.42954545,5.52763819,,2,212,1,1,29.92,1,9.45
65+,female,389,389,1,1,9.010233504,9.010233504,23.162554,15,0.60068223,3.856041131,3.32066866,0.257069409,21,0.42905874,5.39845758,,3,190,1,1,29.92,3,3.00341117
35-44,unknown,544,1099,2.020220588,2,4.494965816,8.989931631,8.18010158,20,0.44949658,1.819836215,6.65633538,0.181983621,47,0.19127514,4.2766151,,2,460,5,2,59.84,1,8.98993163
35-44,male,704,852,1.210227273,1,8.4,8.4,9.85915493,15,0.56,1.76056338,3.56190476,0.117370892,27,0.31111111,3.16901408,,6,419,5,1,29.92,4,2.1
65+,male,256,292,1.140625,1,8.3,8.3,28.42465753,6,1.38333333,2.054794521,5.41204819,0.342465753,15,0.55333333,5.1369863,,1,146,1,1,44.92,5,1.66
25-34,male,792,822,1.037878788,1,8.26,8.26,10.0486618,16,0.51625,1.946472019,3.62227603,0.121654501,30,0.27533333,3.64963504,3,6,378,7,1,29.92,2,4.13
45-54,unknown,192,599,3.119791667,2,4.129968591,8.259937183,13.78954455,15,0.55066248,2.504173623,7.24460715,0.333889816,22,0.37545169,3.67278798,1,1,298,1,2,59.84,4,2.0649843
55-64,female,278,279,1.003597122,1,8.250621469,8.250621469,29.57211996,6,1.37510358,2.150537634,5.44443836,0.358422939,8,1.03132768,2.86738351,,,131,,1,44.92,1,8.25062147
35-44,male,696,696,1,1,7.89,7.89,11.3362069,14,0.56357143,2.011494253,3.79214195,0.143678161,20,0.3945,2.87356322,,6,353,4,1,29.92,3,2.63
65+,male,320,384,1.2,1,6.7,6.7,17.44791667,6,1.11666667,1.5625,4.46567164,0.260416667,11,0.60909091,2.86458333,1,1,232,,1,29.92,2,3.35
45-54,male,353,353,1,1,6.58,6.58,18.64022663,9,0.73111111,2.549575071,4.54711246,0.283286119,16,0.41125,4.5325779,,3,182,2,1,29.92,3,2.19333333
25-34,male,692,692,1,1,6.51,6.51,9.40751445,10,0.651,1.445086705,5.3640553,0.144508671,14,0.465,2.02312139,1,,310,1,1,34.92,1,6.51
25-34,male,600,676,1.126666667,1,6.42,6.42,9.49704142,15,0.428,2.218934911,5.43925234,0.147928994,19,0.33789474,2.81065089,,2,336,3,1,34.92,5,1.284
45-54,unknown,176,277,1.573863636,1,5.989915291,5.989915291,21.62424293,5,1.19798306,1.805054152,4.99506229,0.36101083,10,0.59899153,3.6101083,,2,124,,1,29.92,1,5.98991529
35-44,male,380,408,1.073684211,1,5.890254791,5.890254791,14.436899,6,0.98170913,1.470588235,5.07957653,0.245098039,9,0.65447275,2.20588235,,3,180,1,1,29.92,1,5.89025479
65+,female,192,210,1.09375,1,5.7,5.7,27.14285714,8,0.7125,3.80952381,5.24912281,0.476190476,12,0.475,5.71428571,,1,112,2,1,29.92,2,2.85
25-34,male,456,536,1.175438596,1,5.15,5.15,9.60820896,5,1.03,0.932835821,6.78058252,0.186567164,7,0.73571429,1.30597015,,2,264,,1,34.92,2,2.575
35-44,male,656,656,1,1,4.95,4.95,7.54573171,9,0.55,1.37195122,6.04444444,0.152439024,16,0.309375,2.43902439,,6,327,2,1,29.92,2,2.475
25-34,male,414,414,1,2,2.455,4.91,11.85990338,6,0.81833333,1.449275362,14.22403259,0.483091787,6,0.81833333,1.44927536,,,199,1,2,69.84,2,2.455
18-24,male,288,462,1.604166667,1,4.33,4.33,9.37229437,5,0.866,1.082251082,6.90993072,0.216450216,11,0.39363636,2.38095238,2,4,189,2,1,29.92,1,4.33
25-34,unknown,192,338,1.760416667,1,3.71,3.71,10.97633136,4,0.9275,1.183431953,8.06469003,0.295857988,15,0.24733333,4.43786982,1,1,133,,1,29.92,2,1.855
25-34,unknown,64,337,5.265625,1,3.689987653,3.689987653,10.94951826,5,0.73799753,1.483679525,8.10842821,0.296735905,11,0.33545342,3.26409496,,1,107,,1,29.92,4,0.92249691
25-34,unknown,160,211,1.31875,2,1.674976313,3.349952625,15.87655273,4,0.83748816,1.895734597,17.86293918,0.947867299,8,0.41874408,3.79146919,,,79,1,2,59.84,2,1.67497631
45-54,unknown,112,206,1.839285714,1,3.22,3.22,15.63106796,7,0.46,3.398058252,9.29192547,0.485436893,12,0.26833333,5.82524272,1,2,103,,1,29.92,4,0.805
18-24,male,320,503,1.571875,2,1.56998806,3.13997612,6.24249726,12,0.26166468,2.385685885,19.05746977,0.397614314,21,0.14952267,4.1749503,1,2,201,,2,59.84,2,1.56998806
25-34,unknown,160,221,1.38125,2,1.26,2.52,11.40271493,9,0.28,4.07239819,25.73015873,0.904977376,13,0.19384615,5.88235294,,1,89,1,2,64.84,3,0.84
55-64,unknown,32,77,2.40625,1,2.5,2.5,32.46753247,2,1.25,2.597402597,11.968,1.298701299,5,0.5,6.49350649,,,38,,1,29.92,2,1.25
18-24,male,160,236,1.475,1,2.29,2.29,9.70338983,5,0.458,2.118644068,15.2489083,0.423728814,6,0.38166667,2.54237288,,1,126,1,1,34.92,2,1.145
35-44,female,112,113,1.008928571,1,2.02,2.02,17.87610619,4,0.505,3.539823009,17.28712871,0.884955752,5,0.404,4.42477876,,1,47,,1,34.92,3,0.67333333
65+,unknown,32,79,2.46875,1,1.82,1.82,23.03797468,4,0.455,5.063291139,16.43956044,1.265822785,7,0.26,8.86075949,,1,43,1,1,29.92,2,0.91
35-44,unknown,135,135,1,1,1.76991551,1.76991551,13.11048526,4,0.44247888,2.962962963,16.90476174,0.740740741,6,0.29498592,4.44444444,,,64,1,1,29.92,1,1.76991551
45-54,unknown,52,52,1,1,1.34,1.34,25.76923077,2,0.67,3.846153846,22.32835821,1.923076923,3,0.44666667,5.76923077,,1,31,,1,29.92,1,1.34
25-34,female,81,82,1.012345679,1,0.79,0.79,9.63414634,2,0.395,2.43902439,44.20253165,1.219512195,2,0.395,2.43902439,,,34,,1,34.92,2,0.395
